Ano,MÃªs,Vendedor,Cliente,ValorVenda,LimiteCredito,Inadimplente,CreditoDisponivel
2022,1,Carlos,Cliente 1,"130169,32",621958,1,"491788,68"
2022,1,Bruno,Cliente 2,"32677,89",1171155,0,"1138477,11"
2022,1,Bruno,Cliente 3,"59328,87",631932,0,"572603,13"
2022,1,Ana,Cliente 4,"109282,19",1914414,0,"1805131,81"
2022,1,Carlos,Cliente 5,"77061,42",759178,0,"682116,58"
2022,1,Carlos,Cliente 6,"97607,24",610268,0,"512660,76"
2022,1,Eduardo,Cliente 7,"118696,09",1232180,0,"1113483,91"
2022,1,Bruno,Cliente 8,"91982,99",1603462,0,"1511479,01"
2022,1,Daniela,Cliente 9,"52403,82",637337,0,"584933,18"
2022,1,Ana,Cliente 10,"108374,09",1499890,0,"1391515,91"
2022,1,Carlos,Cliente 11,"99966,47",1636074,0,"1536107,53"
2022,1,Carlos,Cliente 12,"8422,96",1412756,0,"1404333,04"
2022,1,Ana,Cliente 13,"72639,79",675203,0,"602563,21"
2022,1,Carlos,Cliente 14,"87259,17",1739911,0,"1652651,83"
2022,1,Bruno,Cliente 15,"70944,76",778167,0,"707222,24"
2022,1,Carlos,Cliente 16,"132283,88",541090,0,"408806,12"
2022,1,Carlos,Cliente 17,"141493,76",829365,0,"687871,24"
2022,1,Eduardo,Cliente 18,"135368,67",1613396,0,"1478027,33"
2022,1,Carlos,Cliente 19,"22641,98",1287201,0,"1264559,02"
2022,1,Bruno,Cliente 20,"135642,48",1870455,0,"1734812,52"
2022,2,Bruno,Cliente 1,"98137,99",621958,1,"393650,69"
2022,2,Eduardo,Cliente 2,"107759,74",1171155,0,"1030717,37"
2022,2,Daniela,Cliente 3,"72323,79",631932,0,"500279,34"
2022,2,Daniela,Cliente 4,"15614,92",1914414,0,"1789516,89"
2022,2,Carlos,Cliente 5,"98886,56",759178,0,"583230,02"
2022,2,Daniela,Cliente 6,"101511,16",610268,0,"411149,6"
2022,2,Eduardo,Cliente 7,"114796,77",1232180,0,"998687,14"
2022,2,Daniela,Cliente 8,"24379,18",1603462,0,"1487099,83"
2022,2,Bruno,Cliente 9,"150664,53",637337,0,"434268,65"
2022,2,Carlos,Cliente 10,"7997,29",1499890,0,"1383518,62"
2022,2,Ana,Cliente 11,"41448,3",1636074,0,"1494659,23"
2022,2,Daniela,Cliente 12,"133500,31",1412756,0,"1270832,73"
2022,2,Eduardo,Cliente 13,"139946,77",675203,0,"462616,44"
2022,2,Bruno,Cliente 14,"142891,97",1739911,0,"1509759,86"
2022,2,Daniela,Cliente 15,"134860,93",778167,0,"572361,31"
2022,2,Ana,Cliente 16,"73499,57",541090,0,"335306,55"
2022,2,Carlos,Cliente 17,"21593,52",829365,0,"666277,72"
2022,2,Bruno,Cliente 18,"17192,59",1613396,0,"1460834,74"
2022,2,Eduardo,Cliente 19,"16168,68",1287201,0,"1248390,34"
2022,2,Daniela,Cliente 20,"48288,21",1870455,0,"1686524,31"
2022,3,Eduardo,Cliente 1,"44706,42",621958,1,"348944,27"
2022,3,Eduardo,Cliente 2,"109668,75",1171155,0,"921048,62"
2022,3,Daniela,Cliente 3,"16439,42",631932,0,"483839,92"
2022,3,Ana,Cliente 4,"14559,56",1914414,0,"1774957,33"
2022,3,Ana,Cliente 5,"134921,52",759178,0,"448308,5"
2022,3,Bruno,Cliente 6,"130381,78",610268,0,"280767,82"
2022,3,Eduardo,Cliente 7,"130977,72",1232180,0,"867709,42"
2022,3,Bruno,Cliente 8,"81629,54",1603462,0,"1405470,29"
2022,3,Bruno,Cliente 9,"74396,93",637337,0,"359871,72"
2022,3,Ana,Cliente 10,"88690,35",1499890,0,"1294828,27"
2022,3,Bruno,Cliente 11,"24902,26",1636074,0,"1469756,97"
2022,3,Eduardo,Cliente 12,"43600,44",1412756,0,"1227232,29"
2022,3,Carlos,Cliente 13,"95989,68",675203,0,"366626,76"
2022,3,Daniela,Cliente 14,"22472,48",1739911,0,"1487287,38"
2022,3,Eduardo,Cliente 15,"89816,27",778167,0,"482545,04"
2022,3,Ana,Cliente 16,"94836,15",541090,0,"240470,4"
2022,3,Bruno,Cliente 17,"77181,07",829365,0,"589096,65"
2022,3,Eduardo,Cliente 18,"90822,55",1613396,0,"1370012,19"
2022,3,Daniela,Cliente 19,"133721,2",1287201,0,"1114669,14"
2022,3,Carlos,Cliente 20,"24500,37",1870455,0,"1662023,94"
2022,4,Eduardo,Cliente 1,"31553,5",621958,1,"317390,77"
2022,4,Bruno,Cliente 2,"20551,19",1171155,0,"900497,43"
2022,4,Carlos,Cliente 3,"110189,53",631932,0,"373650,39"
2022,4,Daniela,Cliente 4,"70259,08",1914414,0,"1704698,25"
2022,4,Ana,Cliente 5,"139942,17",759178,0,"308366,33"
2022,4,Bruno,Cliente 6,"114223,07",610268,0,"166544,75"
2022,4,Daniela,Cliente 7,"56526,33",1232180,0,"811183,09"
2022,4,Eduardo,Cliente 8,"22232,41",1603462,0,"1383237,88"
2022,4,Eduardo,Cliente 9,"140884,02",637337,0,"218987,7"
2022,4,Bruno,Cliente 10,"86384,81",1499890,0,"1208443,46"
2022,4,Carlos,Cliente 11,"123559,5",1636074,0,"1346197,47"
2022,4,Bruno,Cliente 12,"112266,51",1412756,0,"1114965,78"
2022,4,Carlos,Cliente 13,"72033,1",675203,0,"294593,66"
2022,4,Daniela,Cliente 14,"124627,9",1739911,0,"1362659,48"
2022,4,Daniela,Cliente 15,"85884,74",778167,0,"396660,3"
2022,4,Carlos,Cliente 16,"60728,61",541090,0,"179741,79"
2022,4,Daniela,Cliente 17,"87941,78",829365,0,"501154,87"
2022,4,Eduardo,Cliente 18,"62372,24",1613396,0,"1307639,95"
2022,4,Eduardo,Cliente 19,"152078,07",1287201,0,"962591,07"
2022,4,Eduardo,Cliente 20,"102570,36",1870455,0,"1559453,58"
2022,5,Eduardo,Cliente 1,"32971,65",621958,1,"284419,12"
2022,5,Daniela,Cliente 2,"31933,92",1171155,0,"868563,51"
2022,5,Bruno,Cliente 3,"110827,65",631932,0,"262822,74"
2022,5,Daniela,Cliente 4,"65720,1",1914414,0,"1638978,15"
2022,5,Carlos,Cliente 5,"28941,17",759178,0,"279425,16"
2022,5,Daniela,Cliente 6,"51076,18",610268,0,"115468,57"
2022,5,Daniela,Cliente 7,"32226,14",1232180,0,"778956,95"
2022,5,Carlos,Cliente 8,"37908,69",1603462,0,"1345329,19"
2022,5,Daniela,Cliente 9,"146665,5",637337,0,"72322,2"
2022,5,Daniela,Cliente 10,"95766,49",1499890,0,"1112676,97"
2022,5,Carlos,Cliente 11,"125641,08",1636074,0,"1220556,39"
2022,5,Daniela,Cliente 12,"34774,81",1412756,0,"1080190,97"
2022,5,Ana,Cliente 13,"121730,26",675203,0,"172863,4"
2022,5,Daniela,Cliente 14,"31859,53",1739911,0,"1330799,95"
2022,5,Ana,Cliente 15,"148040,69",778167,0,"248619,61"
2022,5,Eduardo,Cliente 16,"106447,44",541090,0,"73294,35"
2022,5,Bruno,Cliente 17,"35131,46",829365,0,"466023,41"
2022,5,Bruno,Cliente 18,"21173,98",1613396,0,"1286465,97"
2022,5,Carlos,Cliente 19,"138548,57",1287201,0,"824042,5"
2022,5,Eduardo,Cliente 20,"28787,78",1870455,0,"1530665,8"
2022,6,Ana,Cliente 1,"8234,28",621958,1,"276184,84"
2022,6,Bruno,Cliente 2,"41706,77",1171155,0,"826856,74"
2022,6,Carlos,Cliente 3,"104977,14",631932,0,"157845,6"
2022,6,Bruno,Cliente 4,"66713,34",1914414,0,"1572264,81"
2022,6,Eduardo,Cliente 5,"36292,66",759178,0,"243132,5"
2022,6,Carlos,Cliente 6,"34795,52",610268,0,"80673,05"
2022,6,Carlos,Cliente 7,"59118,72",1232180,0,"719838,23"
2022,6,Carlos,Cliente 8,"41795,74",1603462,0,"1303533,45"
2022,6,Eduardo,Cliente 9,"140352,5",637337,0,"-68030,3"
2022,6,Ana,Cliente 10,"41392,31",1499890,0,"1071284,66"
2022,6,Daniela,Cliente 11,"86222,98",1636074,0,"1134333,41"
2022,6,Carlos,Cliente 12,"116882,95",1412756,0,"963308,02"
2022,6,Ana,Cliente 13,"40274,05",675203,0,"132589,35"
2022,6,Eduardo,Cliente 14,"74926,92",1739911,0,"1255873,03"
2022,6,Daniela,Cliente 15,"132485,6",778167,0,"116134,01"
2022,6,Ana,Cliente 16,"55177,21",541090,0,"18117,14"
2022,6,Ana,Cliente 17,"39589,91",829365,0,"426433,5"
2022,6,Carlos,Cliente 18,"8140,71",1613396,0,"1278325,26"
2022,6,Daniela,Cliente 19,"55175,68",1287201,0,"768866,82"
2022,6,Carlos,Cliente 20,"147190,11",1870455,0,"1383475,69"
2022,7,Ana,Cliente 1,"23295,44",621958,1,"252889,4"
2022,7,Bruno,Cliente 2,"146339,53",1171155,0,"680517,21"
2022,7,Carlos,Cliente 3,"104347,45",631932,0,"53498,15"
2022,7,Daniela,Cliente 4,"143763,25",1914414,0,"1428501,56"
2022,7,Daniela,Cliente 5,"78346,87",759178,0,"164785,63"
2022,7,Ana,Cliente 6,"74548,03",610268,0,"6125,02"
2022,7,Bruno,Cliente 7,"42915,53",1232180,0,"676922,7"
2022,7,Bruno,Cliente 8,"46794,9",1603462,0,"1256738,55"
2022,7,Ana,Cliente 9,"41493,55",637337,0,"-109523,85"
2022,7,Bruno,Cliente 10,"107084,03",1499890,0,"964200,63"
2022,7,Bruno,Cliente 11,"138102,95",1636074,0,"996230,46"
2022,7,Eduardo,Cliente 12,"8617,01",1412756,0,"954691,01"
2022,7,Carlos,Cliente 13,"12154,31",675203,0,"120435,04"
2022,7,Eduardo,Cliente 14,"56445,03",1739911,0,1199428
2022,7,Carlos,Cliente 15,"109286,79",778167,0,"6847,22"
2022,7,Eduardo,Cliente 16,"25265,05",541090,0,"-7147,91"
2022,7,Daniela,Cliente 17,"127281,65",829365,0,"299151,85"
2022,7,Ana,Cliente 18,"19389,99",1613396,0,"1258935,27"
2022,7,Ana,Cliente 19,"61040,77",1287201,0,"707826,05"
2022,7,Carlos,Cliente 20,"18257,93",1870455,0,"1365217,76"
2022,8,Bruno,Cliente 1,"56659,02",621958,1,"196230,38"
2022,8,Bruno,Cliente 2,"144065,44",1171155,0,"536451,77"
2022,8,Ana,Cliente 3,"95899,18",631932,0,"-42401,03"
2022,8,Carlos,Cliente 4,"25451,42",1914414,0,"1403050,14"
2022,8,Carlos,Cliente 5,"142361,22",759178,0,"22424,41"
2022,8,Eduardo,Cliente 6,"111097,63",610268,0,"-104972,61"
2022,8,Ana,Cliente 7,"82686,44",1232180,0,"594236,26"
2022,8,Eduardo,Cliente 8,"144997,32",1603462,0,"1111741,23"
2022,8,Bruno,Cliente 9,"8770,4",637337,0,"-118294,25"
2022,8,Bruno,Cliente 10,"54732,37",1499890,0,"909468,26"
2022,8,Daniela,Cliente 11,"35748,88",1636074,0,"960481,58"
2022,8,Bruno,Cliente 12,"22648,88",1412756,0,"932042,13"
2022,8,Ana,Cliente 13,"121833,8",675203,0,"-1398,76"
2022,8,Bruno,Cliente 14,"114101,89",1739911,0,"1085326,11"
2022,8,Carlos,Cliente 15,"56770,23",778167,0,"-49923,01"
2022,8,Daniela,Cliente 16,"44615,15",541090,0,"-51763,06"
2022,8,Ana,Cliente 17,"10892,63",829365,0,"288259,22"
2022,8,Carlos,Cliente 18,"35829,41",1613396,0,"1223105,86"
2022,8,Ana,Cliente 19,"44401,16",1287201,0,"663424,89"
2022,8,Carlos,Cliente 20,"114286,73",1870455,0,"1250931,03"
2022,9,Ana,Cliente 1,"71596,69",621958,1,"124633,69"
2022,9,Carlos,Cliente 2,"38858,21",1171155,0,"497593,56"
2022,9,Eduardo,Cliente 3,"150527,24",631932,0,"-192928,27"
2022,9,Daniela,Cliente 4,"29026,31",1914414,0,"1374023,83"
2022,9,Eduardo,Cliente 5,"68573,26",759178,0,"-46148,85"
2022,9,Eduardo,Cliente 6,"151726,03",610268,0,"-256698,64"
2022,9,Ana,Cliente 7,"76251,49",1232180,0,"517984,77"
2022,9,Eduardo,Cliente 8,100860,1603462,0,"1010881,23"
2022,9,Ana,Cliente 9,"92874,98",637337,0,"-211169,23"
2022,9,Carlos,Cliente 10,"67074,59",1499890,0,"842393,67"
2022,9,Carlos,Cliente 11,"41505,82",1636074,0,"918975,76"
2022,9,Eduardo,Cliente 12,"61310,74",1412756,0,"870731,39"
2022,9,Daniela,Cliente 13,"96938,44",675203,0,"-98337,2"
2022,9,Ana,Cliente 14,"32465,44",1739911,0,"1052860,67"
2022,9,Ana,Cliente 15,"76332,02",778167,0,"-126255,03"
2022,9,Carlos,Cliente 16,"131718,62",541090,0,"-183481,68"
2022,9,Bruno,Cliente 17,"81805,18",829365,0,"206454,04"
2022,9,Bruno,Cliente 18,"101978,25",1613396,0,"1121127,61"
2022,9,Ana,Cliente 19,"118338,68",1287201,0,"545086,21"
2022,9,Ana,Cliente 20,"106419,83",1870455,0,"1144511,2"
2022,10,Eduardo,Cliente 1,"22602,86",621958,1,"102030,83"
2022,10,Bruno,Cliente 2,"112001,9",1171155,0,"385591,66"
2022,10,Daniela,Cliente 3,"87658,76",631932,0,"-280587,03"
2022,10,Eduardo,Cliente 4,"83929,71",1914414,0,"1290094,12"
2022,10,Eduardo,Cliente 5,"133402,14",759178,0,"-179550,99"
2022,10,Daniela,Cliente 6,"23582,29",610268,0,"-280280,93"
2022,10,Daniela,Cliente 7,"106791,05",1232180,0,"411193,72"
2022,10,Daniela,Cliente 8,"122635,29",1603462,0,"888245,94"
2022,10,Ana,Cliente 9,"14884,76",637337,0,"-226053,99"
2022,10,Bruno,Cliente 10,"149055,41",1499890,0,"693338,26"
2022,10,Eduardo,Cliente 11,"131663,4",1636074,0,"787312,36"
2022,10,Bruno,Cliente 12,"107214,42",1412756,0,"763516,97"
2022,10,Bruno,Cliente 13,"89646,77",675203,0,"-187983,97"
2022,10,Daniela,Cliente 14,"85363,19",1739911,0,"967497,48"
2022,10,Carlos,Cliente 15,"27901,92",778167,0,"-154156,95"
2022,10,Ana,Cliente 16,"102369,41",541090,0,"-285851,09"
2022,10,Bruno,Cliente 17,"75488,34",829365,0,"130965,7"
2022,10,Carlos,Cliente 18,"73513,37",1613396,0,"1047614,24"
2022,10,Ana,Cliente 19,"90228,91",1287201,0,"454857,3"
2022,10,Eduardo,Cliente 20,"121895,16",1870455,0,"1022616,04"
2022,11,Ana,Cliente 1,"7892,98",621958,1,"94137,85"
2022,11,Daniela,Cliente 2,"100228,78",1171155,0,"285362,88"
2022,11,Daniela,Cliente 3,"146696,95",631932,0,"-427283,98"
2022,11,Bruno,Cliente 4,"78815,5",1914414,0,"1211278,62"
2022,11,Ana,Cliente 5,"82922,67",759178,0,"-262473,66"
2022,11,Ana,Cliente 6,"86255,96",610268,0,"-366536,89"
2022,11,Carlos,Cliente 7,"36839,52",1232180,0,"374354,2"
2022,11,Carlos,Cliente 8,"129863,3",1603462,0,"758382,64"
2022,11,Bruno,Cliente 9,"86017,43",637337,0,"-312071,42"
2022,11,Ana,Cliente 10,"39997,17",1499890,0,"653341,09"
2022,11,Carlos,Cliente 11,"127415,1",1636074,0,"659897,26"
2022,11,Bruno,Cliente 12,"25126,99",1412756,0,"738389,98"
2022,11,Bruno,Cliente 13,"109962,5",675203,0,"-297946,47"
2022,11,Bruno,Cliente 14,"152002,14",1739911,0,"815495,34"
2022,11,Carlos,Cliente 15,"137449,48",778167,0,"-291606,43"
2022,11,Bruno,Cliente 16,"144102,26",541090,0,"-429953,35"
2022,11,Bruno,Cliente 17,"99424,22",829365,0,"31541,48"
2022,11,Eduardo,Cliente 18,"147210,06",1613396,0,"900404,18"
2022,11,Bruno,Cliente 19,"25715,26",1287201,0,"429142,04"
2022,11,Carlos,Cliente 20,"71500,82",1870455,0,"951115,22"
2022,12,Carlos,Cliente 1,"90677,59",621958,1,"3460,26"
2022,12,Eduardo,Cliente 2,"50974,94",1171155,0,"234387,94"
2022,12,Carlos,Cliente 3,"109330,51",631932,0,"-536614,49"
2022,12,Ana,Cliente 4,"101112,34",1914414,0,"1110166,28"
2022,12,Daniela,Cliente 5,"116434,27",759178,0,"-378907,93"
2022,12,Bruno,Cliente 6,"32382,61",610268,0,"-398919,5"
2022,12,Eduardo,Cliente 7,"7925,96",1232180,0,"366428,24"
2022,12,Ana,Cliente 8,"16717,83",1603462,0,"741664,81"
2022,12,Bruno,Cliente 9,"50777,06",637337,0,"-362848,48"
2022,12,Daniela,Cliente 10,"128534,12",1499890,0,"524806,97"
2022,12,Bruno,Cliente 11,"34485,66",1636074,0,"625411,6"
2022,12,Ana,Cliente 12,"45122,89",1412756,0,"693267,09"
2022,12,Bruno,Cliente 13,"27899,62",675203,0,"-325846,09"
2022,12,Eduardo,Cliente 14,"10201,58",1739911,0,"805293,76"
2022,12,Ana,Cliente 15,"138262,48",778167,0,"-429868,91"
2022,12,Bruno,Cliente 16,"28270,07",541090,0,"-458223,42"
2022,12,Eduardo,Cliente 17,"53706,92",829365,0,"-22165,44"
2022,12,Bruno,Cliente 18,"17887,48",1613396,0,"882516,7"
2022,12,Carlos,Cliente 19,"98644,2",1287201,0,"330497,84"
2022,12,Ana,Cliente 20,"97102,57",1870455,0,"854012,65"
2023,1,Daniela,Cliente 1,"104036,82",621958,1,"-100576,56"
2023,1,Carlos,Cliente 2,"101850,17",1171155,0,"132537,77"
2023,1,Carlos,Cliente 3,"102550,42",631932,0,"-639164,91"
2023,1,Carlos,Cliente 4,"95501,89",1914414,0,"1014664,39"
2023,1,Bruno,Cliente 5,"136254,53",759178,0,"-515162,46"
2023,1,Daniela,Cliente 6,"144126,8",610268,0,"-543046,3"
2023,1,Daniela,Cliente 7,"134024,16",1232180,0,"232404,08"
2023,1,Carlos,Cliente 8,"51123,73",1603462,0,"690541,08"
2023,1,Carlos,Cliente 9,"101758,13",637337,0,"-464606,61"
2023,1,Carlos,Cliente 10,"147558,26",1499890,0,"377248,71"
2023,1,Daniela,Cliente 11,"71967,14",1636074,0,"553444,46"
2023,1,Daniela,Cliente 12,"141350,34",1412756,0,"551916,75"
2023,1,Daniela,Cliente 13,"79215,09",675203,0,"-405061,18"
2023,1,Daniela,Cliente 14,"131731,66",1739911,0,"673562,1"
2023,1,Carlos,Cliente 15,"108443,12",778167,0,"-538312,03"
2023,1,Bruno,Cliente 16,"8592,46",541090,0,"-466815,88"
2023,1,Eduardo,Cliente 17,"152297,43",829365,0,"-174462,87"
2023,1,Bruno,Cliente 18,"77904,33",1613396,0,"804612,37"
2023,1,Ana,Cliente 19,"25295,72",1287201,0,"305202,12"
2023,1,Daniela,Cliente 20,"97307,35",1870455,0,"756705,3"
2023,2,Daniela,Cliente 1,"89889,9",621958,1,"-190466,46"
2023,2,Bruno,Cliente 2,"145853,27",1171155,0,"-13315,5"
2023,2,Eduardo,Cliente 3,"25475,2",631932,0,"-664640,11"
2023,2,Bruno,Cliente 4,"82983,26",1914414,0,"931681,13"
2023,2,Daniela,Cliente 5,"56375,23",759178,0,"-571537,69"
2023,2,Ana,Cliente 6,"80703,8",610268,0,"-623750,1"
2023,2,Carlos,Cliente 7,"142855,92",1232180,0,"89548,16"
2023,2,Ana,Cliente 8,"30509,65",1603462,0,"660031,43"
2023,2,Eduardo,Cliente 9,"100853,86",637337,0,"-565460,47"
2023,2,Daniela,Cliente 10,"134633,91",1499890,0,"242614,8"
2023,2,Bruno,Cliente 11,"135583,43",1636074,0,"417861,03"
2023,2,Bruno,Cliente 12,"92301,28",1412756,0,"459615,47"
2023,2,Daniela,Cliente 13,"137352,85",675203,0,"-542414,03"
2023,2,Bruno,Cliente 14,"120090,46",1739911,0,"553471,64"
2023,2,Ana,Cliente 15,"98492,34",778167,0,"-636804,37"
2023,2,Ana,Cliente 16,"62908,36",541090,0,"-529724,24"
2023,2,Ana,Cliente 17,"115302,21",829365,0,"-289765,08"
2023,2,Daniela,Cliente 18,"70863,46",1613396,0,"733748,91"
2023,2,Bruno,Cliente 19,"83593,01",1287201,0,"221609,11"
2023,2,Carlos,Cliente 20,"37213,81",1870455,0,"719491,49"
2023,3,Daniela,Cliente 1,"28958,81",621958,1,"-219425,27"
2023,3,Ana,Cliente 2,"129537,33",1171155,0,"-142852,83"
2023,3,Ana,Cliente 3,"111013,26",631932,0,"-775653,37"
2023,3,Carlos,Cliente 4,"101663,03",1914414,0,"830018,1"
2023,3,Carlos,Cliente 5,"116195,74",759178,0,"-687733,43"
2023,3,Bruno,Cliente 6,"14435,31",610268,0,"-638185,41"
2023,3,Ana,Cliente 7,"26913,28",1232180,0,"62634,88"
2023,3,Daniela,Cliente 8,"53426,2",1603462,0,"606605,23"
2023,3,Bruno,Cliente 9,"43430,94",637337,0,"-608891,41"
2023,3,Carlos,Cliente 10,"145602,47",1499890,0,"97012,33"
2023,3,Daniela,Cliente 11,"21866,56",1636074,0,"395994,47"
2023,3,Eduardo,Cliente 12,"80957,67",1412756,0,"378657,8"
2023,3,Ana,Cliente 13,"118512,01",675203,0,"-660926,04"
2023,3,Ana,Cliente 14,"127059,99",1739911,0,"426411,65"
2023,3,Eduardo,Cliente 15,"48045,08",778167,0,"-684849,45"
2023,3,Carlos,Cliente 16,"97987,66",541090,0,"-627711,9"
2023,3,Eduardo,Cliente 17,"54085,8",829365,0,"-343850,88"
2023,3,Carlos,Cliente 18,"22254,65",1613396,0,"711494,26"
2023,3,Eduardo,Cliente 19,"147151,77",1287201,0,"74457,34"
2023,3,Bruno,Cliente 20,"25711,43",1870455,0,"693780,06"
2023,4,Ana,Cliente 1,"13047,84",621958,1,"-232473,11"
2023,4,Bruno,Cliente 2,"93475,53",1171155,0,"-236328,36"
2023,4,Carlos,Cliente 3,"57779,57",631932,0,"-833432,94"
2023,4,Carlos,Cliente 4,"116701,18",1914414,0,"713316,92"
2023,4,Carlos,Cliente 5,"99361,32",759178,0,"-787094,75"
2023,4,Ana,Cliente 6,"151705,32",610268,0,"-789890,73"
2023,4,Bruno,Cliente 7,"50683,49",1232180,0,"11951,39"
2023,4,Carlos,Cliente 8,"123678,38",1603462,0,"482926,85"
2023,4,Bruno,Cliente 9,"102007,4",637337,0,"-710898,81"
2023,4,Daniela,Cliente 10,"83619,09",1499890,0,"13393,24"
2023,4,Daniela,Cliente 11,"112946,82",1636074,0,"283047,65"
2023,4,Carlos,Cliente 12,"110675,03",1412756,0,"267982,77"
2023,4,Ana,Cliente 13,"118906,24",675203,0,"-779832,28"
2023,4,Daniela,Cliente 14,"97979,99",1739911,0,"328431,66"
2023,4,Carlos,Cliente 15,"87605,07",778167,0,"-772454,52"
2023,4,Eduardo,Cliente 16,"86783,64",541090,0,"-714495,54"
2023,4,Daniela,Cliente 17,"67732,66",829365,0,"-411583,54"
2023,4,Bruno,Cliente 18,"58433,04",1613396,0,"653061,22"
2023,4,Daniela,Cliente 19,"104072,87",1287201,0,"-29615,53"
2023,4,Eduardo,Cliente 20,"47930,03",1870455,0,"645850,03"
2023,5,Bruno,Cliente 1,"117239,6",621958,1,"-349712,71"
2023,5,Daniela,Cliente 2,"25687,65",1171155,0,"-262016,01"
2023,5,Ana,Cliente 3,"140795,81",631932,0,"-974228,75"
2023,5,Eduardo,Cliente 4,"102675,44",1914414,0,"610641,48"
2023,5,Carlos,Cliente 5,"31815,04",759178,0,"-818909,79"
2023,5,Bruno,Cliente 6,"100575,45",610268,0,"-890466,18"
2023,5,Ana,Cliente 7,"48717,72",1232180,0,"-36766,33"
2023,5,Daniela,Cliente 8,"87113,44",1603462,0,"395813,41"
2023,5,Bruno,Cliente 9,"79565,6",637337,0,"-790464,41"
2023,5,Daniela,Cliente 10,"56929,76",1499890,0,"-43536,52"
2023,5,Bruno,Cliente 11,"133110,69",1636074,0,"149936,96"
2023,5,Carlos,Cliente 12,"92638,75",1412756,0,"175344,02"
2023,5,Ana,Cliente 13,"135282,77",675203,0,"-915115,05"
2023,5,Ana,Cliente 14,"148409,61",1739911,0,"180022,05"
2023,5,Eduardo,Cliente 15,"34366,01",778167,0,"-806820,53"
2023,5,Daniela,Cliente 16,"84148,3",541090,0,"-798643,84"
2023,5,Bruno,Cliente 17,"96533,47",829365,0,"-508117,01"
2023,5,Ana,Cliente 18,"89610,72",1613396,0,"563450,5"
2023,5,Carlos,Cliente 19,"34011,67",1287201,0,"-63627,2"
2023,5,Daniela,Cliente 20,"132673,51",1870455,0,"513176,52"
2023,6,Daniela,Cliente 1,"59528,28",621958,1,"-409240,99"
2023,6,Eduardo,Cliente 2,"73118,38",1171155,0,"-335134,39"
2023,6,Eduardo,Cliente 3,"112350,87",631932,0,"-1086579,62"
2023,6,Eduardo,Cliente 4,"111053,91",1914414,0,"499587,57"
2023,6,Ana,Cliente 5,"151422,3",759178,0,"-970332,09"
2023,6,Carlos,Cliente 6,"9114,01",610268,0,"-899580,19"
2023,6,Carlos,Cliente 7,"91258,96",1232180,0,"-128025,29"
2023,6,Eduardo,Cliente 8,"16659,54",1603462,0,"379153,87"
2023,6,Ana,Cliente 9,"24765,74",637337,0,"-815230,15"
2023,6,Eduardo,Cliente 10,"67911,36",1499890,0,"-111447,88"
2023,6,Bruno,Cliente 11,"82099,7",1636074,0,"67837,26"
2023,6,Carlos,Cliente 12,"18632,98",1412756,0,"156711,04"
2023,6,Eduardo,Cliente 13,"123803,4",675203,0,"-1038918,45"
2023,6,Carlos,Cliente 14,"94035,42",1739911,0,"85986,63"
2023,6,Bruno,Cliente 15,"149245,62",778167,0,"-956066,15"
2023,6,Ana,Cliente 16,"85100,12",541090,0,"-883743,96"
2023,6,Carlos,Cliente 17,"73533,32",829365,0,"-581650,33"
2023,6,Eduardo,Cliente 18,"81257,56",1613396,0,"482192,94"
2023,6,Ana,Cliente 19,"46207,4",1287201,0,"-109834,6"
2023,6,Ana,Cliente 20,"136954,02",1870455,0,"376222,5"
2023,7,Daniela,Cliente 1,"72427,33",621958,1,"-481668,32"
2023,7,Daniela,Cliente 2,"78044,68",1171155,0,"-413179,07"
2023,7,Daniela,Cliente 3,"18746,49",631932,0,"-1105326,11"
2023,7,Daniela,Cliente 4,"96715,25",1914414,0,"402872,32"
2023,7,Carlos,Cliente 5,"124337,98",759178,0,"-1094670,07"
2023,7,Bruno,Cliente 6,128235,610268,0,"-1027815,19"
2023,7,Carlos,Cliente 7,"11290,69",1232180,0,"-139315,98"
2023,7,Bruno,Cliente 8,"55042,23",1603462,0,"324111,64"
2023,7,Daniela,Cliente 9,"21039,76",637337,0,"-836269,91"
2023,7,Eduardo,Cliente 10,"71026,06",1499890,0,"-182473,94"
2023,7,Eduardo,Cliente 11,"144906,05",1636074,0,"-77068,79"
2023,7,Ana,Cliente 12,"78756,44",1412756,0,"77954,6"
2023,7,Carlos,Cliente 13,"54874,26",675203,0,"-1093792,71"
2023,7,Bruno,Cliente 14,"12906,72",1739911,0,"73079,91"
2023,7,Eduardo,Cliente 15,"109991,65",778167,0,"-1066057,8"
2023,7,Ana,Cliente 16,"47319,52",541090,0,"-931063,48"
2023,7,Ana,Cliente 17,"134405,35",829365,0,"-716055,68"
2023,7,Ana,Cliente 18,"98961,73",1613396,0,"383231,21"
2023,7,Eduardo,Cliente 19,"47048,01",1287201,0,"-156882,61"
2023,7,Carlos,Cliente 20,"107809,59",1870455,0,"268412,91"
2023,8,Bruno,Cliente 1,"153184,82",621958,1,"-634853,14"
2023,8,Daniela,Cliente 2,"73215,79",1171155,0,"-486394,86"
2023,8,Ana,Cliente 3,"146548,92",631932,0,"-1251875,03"
2023,8,Eduardo,Cliente 4,"51330,82",1914414,0,"351541,5"
2023,8,Ana,Cliente 5,"36676,92",759178,0,"-1131346,99"
2023,8,Ana,Cliente 6,"143993,35",610268,0,"-1171808,54"
2023,8,Bruno,Cliente 7,30966,1232180,0,"-170281,98"
2023,8,Carlos,Cliente 8,"87091,96",1603462,0,"237019,68"
2023,8,Daniela,Cliente 9,"19209,75",637337,0,"-855479,66"
2023,8,Ana,Cliente 10,"103886,5",1499890,0,"-286360,44"
2023,8,Eduardo,Cliente 11,"45267,85",1636074,0,"-122336,64"
2023,8,Eduardo,Cliente 12,"104816,84",1412756,0,"-26862,24"
2023,8,Eduardo,Cliente 13,"128491,17",675203,0,"-1222283,88"
2023,8,Daniela,Cliente 14,"116108,3",1739911,0,"-43028,39"
2023,8,Bruno,Cliente 15,"30683,75",778167,0,"-1096741,55"
2023,8,Daniela,Cliente 16,"135010,49",541090,0,"-1066073,97"
2023,8,Daniela,Cliente 17,"18211,14",829365,0,"-734266,82"
2023,8,Daniela,Cliente 18,"142447,12",1613396,0,"240784,09"
2023,8,Carlos,Cliente 19,"101195,17",1287201,0,"-258077,78"
2023,8,Carlos,Cliente 20,"9986,83",1870455,0,"258426,08"
2023,9,Eduardo,Cliente 1,"121182,63",621958,1,"-756035,77"
2023,9,Bruno,Cliente 2,150347,1171155,0,"-636741,86"
2023,9,Daniela,Cliente 3,"94366,76",631932,0,"-1346241,79"
2023,9,Carlos,Cliente 4,"85905,45",1914414,0,"265636,05"
2023,9,Ana,Cliente 5,"54977,8",759178,0,"-1186324,79"
2023,9,Daniela,Cliente 6,"78982,7",610268,0,"-1250791,24"
2023,9,Bruno,Cliente 7,"55046,06",1232180,0,"-225328,04"
2023,9,Bruno,Cliente 8,"27941,03",1603462,0,"209078,65"
2023,9,Bruno,Cliente 9,"112819,5",637337,0,"-968299,16"
2023,9,Eduardo,Cliente 10,"52435,27",1499890,0,"-338795,71"
2023,9,Eduardo,Cliente 11,"41292,6",1636074,0,"-163629,24"
2023,9,Daniela,Cliente 12,"119792,87",1412756,0,"-146655,11"
2023,9,Eduardo,Cliente 13,"19618,55",675203,0,"-1241902,43"
2023,9,Carlos,Cliente 14,"85836,42",1739911,0,"-128864,81"
2023,9,Eduardo,Cliente 15,"86080,32",778167,0,"-1182821,87"
2023,9,Carlos,Cliente 16,"78459,62",541090,0,"-1144533,59"
2023,9,Eduardo,Cliente 17,"53143,19",829365,0,"-787410,01"
2023,9,Ana,Cliente 18,"127375,22",1613396,0,"113408,87"
2023,9,Eduardo,Cliente 19,"88088,27",1287201,0,"-346166,05"
2023,9,Daniela,Cliente 20,"43386,45",1870455,0,"215039,63"
2023,10,Daniela,Cliente 1,"92397,92",621958,1,"-848433,69"
2023,10,Bruno,Cliente 2,"80545,8",1171155,0,"-717287,66"
2023,10,Daniela,Cliente 3,"37965,45",631932,0,"-1384207,24"
2023,10,Daniela,Cliente 4,"108220,69",1914414,0,"157415,36"
2023,10,Ana,Cliente 5,"66046,84",759178,0,"-1252371,63"
2023,10,Eduardo,Cliente 6,"73380,69",610268,0,"-1324171,93"
2023,10,Carlos,Cliente 7,"100582,35",1232180,0,"-325910,39"
2023,10,Bruno,Cliente 8,"123080,14",1603462,0,"85998,51"
2023,10,Carlos,Cliente 9,"94502,51",637337,0,"-1062801,67"
2023,10,Carlos,Cliente 10,"66868,27",1499890,0,"-405663,98"
2023,10,Daniela,Cliente 11,"70038,19",1636074,0,"-233667,43"
2023,10,Bruno,Cliente 12,93576,1412756,0,"-240231,11"
2023,10,Eduardo,Cliente 13,"127201,88",675203,0,"-1369104,31"
2023,10,Eduardo,Cliente 14,"66824,55",1739911,0,"-195689,36"
2023,10,Bruno,Cliente 15,"147164,8",778167,0,"-1329986,67"
2023,10,Carlos,Cliente 16,"76244,58",541090,0,"-1220778,17"
2023,10,Eduardo,Cliente 17,"11599,02",829365,0,"-799009,03"
2023,10,Eduardo,Cliente 18,"43960,92",1613396,0,"69447,95"
2023,10,Eduardo,Cliente 19,"12321,51",1287201,0,"-358487,56"
2023,10,Eduardo,Cliente 20,"10427,08",1870455,0,"204612,55"
2023,11,Eduardo,Cliente 1,"129222,87",621958,1,"-977656,56"
2023,11,Carlos,Cliente 2,"18948,98",1171155,0,"-736236,64"
2023,11,Ana,Cliente 3,"64944,69",631932,0,"-1449151,93"
2023,11,Carlos,Cliente 4,"113850,32",1914414,0,"43565,04"
2023,11,Eduardo,Cliente 5,"89260,98",759178,0,"-1341632,61"
2023,11,Eduardo,Cliente 6,"49011,47",610268,0,"-1373183,4"
2023,11,Carlos,Cliente 7,"150686,77",1232180,0,"-476597,16"
2023,11,Eduardo,Cliente 8,"16391,1",1603462,0,"69607,41"
2023,11,Bruno,Cliente 9,"80120,9",637337,0,"-1142922,57"
2023,11,Ana,Cliente 10,"96513,53",1499890,0,"-502177,51"
2023,11,Daniela,Cliente 11,"120144,91",1636074,0,"-353812,34"
2023,11,Bruno,Cliente 12,"126000,79",1412756,0,"-366231,9"
2023,11,Bruno,Cliente 13,"138080,71",675203,0,"-1507185,02"
2023,11,Bruno,Cliente 14,"131811,42",1739911,0,"-327500,78"
2023,11,Carlos,Cliente 15,"125174,76",778167,0,"-1455161,43"
2023,11,Carlos,Cliente 16,"54378,02",541090,0,"-1275156,19"
2023,11,Eduardo,Cliente 17,"138866,09",829365,0,"-937875,12"
2023,11,Bruno,Cliente 18,"78302,39",1613396,0,"-8854,44"
2023,11,Bruno,Cliente 19,"123469,76",1287201,0,"-481957,32"
2023,11,Eduardo,Cliente 20,"141290,51",1870455,0,"63322,04"
2023,12,Daniela,Cliente 1,"37480,71",621958,1,"-1015137,27"
2023,12,Daniela,Cliente 2,"51499,55",1171155,0,"-787736,19"
2023,12,Carlos,Cliente 3,"117754,24",631932,0,"-1566906,17"
2023,12,Carlos,Cliente 4,"113538,16",1914414,0,"-69973,12"
2023,12,Bruno,Cliente 5,"88589,87",759178,0,"-1430222,48"
2023,12,Ana,Cliente 6,"40728,1",610268,0,"-1413911,5"
2023,12,Daniela,Cliente 7,"38828,3",1232180,0,"-515425,46"
2023,12,Daniela,Cliente 8,"151758,24",1603462,0,"-82150,83"
2023,12,Carlos,Cliente 9,"86460,74",637337,0,"-1229383,31"
2023,12,Bruno,Cliente 10,"134567,18",1499890,0,"-636744,69"
2023,12,Eduardo,Cliente 11,"114009,85",1636074,0,"-467822,19"
2023,12,Eduardo,Cliente 12,"49926,48",1412756,0,"-416158,38"
2023,12,Carlos,Cliente 13,"141392,52",675203,0,"-1648577,54"
2023,12,Carlos,Cliente 14,"70450,83",1739911,0,"-397951,61"
2023,12,Bruno,Cliente 15,"133866,16",778167,0,"-1589027,59"
2023,12,Daniela,Cliente 16,"145180,63",541090,0,"-1420336,82"
2023,12,Daniela,Cliente 17,"44576,8",829365,0,"-982451,92"
2023,12,Bruno,Cliente 18,"124913,22",1613396,0,"-133767,66"
2023,12,Ana,Cliente 19,"120367,34",1287201,0,"-602324,66"
2023,12,Eduardo,Cliente 20,"152907,94",1870455,0,"-89585,9"
2024,1,Eduardo,Cliente 1,"112725,93",621958,1,"-1127863,2"
2024,1,Carlos,Cliente 2,"31693,86",1171155,0,"-819430,05"
2024,1,Ana,Cliente 3,"43612,71",631932,0,"-1610518,88"
2024,1,Ana,Cliente 4,"41789,6",1914414,0,"-111762,72"
2024,1,Eduardo,Cliente 5,"86356,43",759178,0,"-1516578,91"
2024,1,Daniela,Cliente 6,"132993,34",610268,0,"-1546904,84"
2024,1,Ana,Cliente 7,"133663,68",1232180,0,"-649089,14"
2024,1,Eduardo,Cliente 8,"66316,05",1603462,0,"-148466,88"
2024,1,Bruno,Cliente 9,"141471,52",637337,0,"-1370854,83"
2024,1,Eduardo,Cliente 10,"130488,39",1499890,0,"-767233,08"
2024,1,Bruno,Cliente 11,"63877,05",1636074,0,"-531699,24"
2024,1,Ana,Cliente 12,"143437,29",1412756,0,"-559595,67"
2024,1,Ana,Cliente 13,"147434,01",675203,0,"-1796011,55"
2024,1,Eduardo,Cliente 14,"44999,41",1739911,0,"-442951,02"
2024,1,Bruno,Cliente 15,"62251,06",778167,0,"-1651278,65"
2024,1,Bruno,Cliente 16,"100476,51",541090,0,"-1520813,33"
2024,1,Carlos,Cliente 17,"52177,56",829365,0,"-1034629,48"
2024,1,Bruno,Cliente 18,"27100,43",1613396,0,"-160868,09"
2024,1,Eduardo,Cliente 19,"81068,88",1287201,0,"-683393,54"
2024,1,Bruno,Cliente 20,"50550,8",1870455,0,"-140136,7"
2024,2,Bruno,Cliente 1,"101983,62",621958,1,"-1229846,82"
2024,2,Bruno,Cliente 2,"30719,8",1171155,0,"-850149,85"
2024,2,Carlos,Cliente 3,"57909,96",631932,0,"-1668428,84"
2024,2,Ana,Cliente 4,"108120,22",1914414,0,"-219882,94"
2024,2,Daniela,Cliente 5,"27918,79",759178,0,"-1544497,7"
2024,2,Bruno,Cliente 6,"10585,84",610268,0,"-1557490,68"
2024,2,Daniela,Cliente 7,"81282,1",1232180,0,"-730371,24"
2024,2,Carlos,Cliente 8,"147687,88",1603462,0,"-296154,76"
2024,2,Bruno,Cliente 9,"77978,72",637337,0,"-1448833,55"
2024,2,Carlos,Cliente 10,"77771,64",1499890,0,"-845004,72"
2024,2,Ana,Cliente 11,"57037,14",1636074,0,"-588736,38"
2024,2,Carlos,Cliente 12,"143099,82",1412756,0,"-702695,49"
2024,2,Ana,Cliente 13,"123134,59",675203,0,"-1919146,14"
2024,2,Daniela,Cliente 14,"58140,05",1739911,0,"-501091,07"
2024,2,Daniela,Cliente 15,"39571,5",778167,0,"-1690850,15"
2024,2,Daniela,Cliente 16,"27446,33",541090,0,"-1548259,66"
2024,2,Daniela,Cliente 17,"56809,34",829365,0,"-1091438,82"
2024,2,Carlos,Cliente 18,"139585,52",1613396,0,"-300453,61"
2024,2,Bruno,Cliente 19,"47304,18",1287201,0,"-730697,72"
2024,2,Daniela,Cliente 20,"116168,13",1870455,0,"-256304,83"
2024,3,Ana,Cliente 1,"112264,21",621958,1,"-1342111,03"
2024,3,Ana,Cliente 2,"31808,91",1171155,0,"-881958,76"
2024,3,Eduardo,Cliente 3,"57297,14",631932,0,"-1725725,98"
2024,3,Bruno,Cliente 4,"38834,43",1914414,0,"-258717,37"
2024,3,Ana,Cliente 5,"15562,76",759178,0,"-1560060,46"
2024,3,Eduardo,Cliente 6,"101269,57",610268,0,"-1658760,25"
2024,3,Carlos,Cliente 7,"152199,25",1232180,0,"-882570,49"
2024,3,Bruno,Cliente 8,"28489,42",1603462,0,"-324644,18"
2024,3,Daniela,Cliente 9,"54077,37",637337,0,"-1502910,92"
2024,3,Carlos,Cliente 10,"128929,89",1499890,0,"-973934,61"
2024,3,Daniela,Cliente 11,"75219,13",1636074,0,"-663955,51"
2024,3,Daniela,Cliente 12,"139320,91",1412756,0,"-842016,4"
2024,3,Ana,Cliente 13,"68923,77",675203,0,"-1988069,91"
2024,3,Bruno,Cliente 14,"29627,62",1739911,0,"-530718,69"
2024,3,Carlos,Cliente 15,"29914,47",778167,0,"-1720764,62"
2024,3,Ana,Cliente 16,"71541,47",541090,0,"-1619801,13"
2024,3,Bruno,Cliente 17,"92178,57",829365,0,"-1183617,39"
2024,3,Carlos,Cliente 18,"130330,39",1613396,0,-430784
2024,3,Daniela,Cliente 19,"113681,58",1287201,0,"-844379,3"
2024,3,Eduardo,Cliente 20,"66026,89",1870455,0,"-322331,72"
2024,4,Bruno,Cliente 1,"94563,87",621958,1,"-1436674,9"
2024,4,Eduardo,Cliente 2,"53037,34",1171155,0,"-934996,1"
2024,4,Ana,Cliente 3,"107025,74",631932,0,"-1832751,72"
2024,4,Daniela,Cliente 4,"143475,64",1914414,0,"-402193,01"
2024,4,Carlos,Cliente 5,"97974,63",759178,0,"-1658035,09"
2024,4,Bruno,Cliente 6,"16789,16",610268,0,"-1675549,41"
2024,4,Eduardo,Cliente 7,"110307,64",1232180,0,"-992878,13"
2024,4,Eduardo,Cliente 8,"45351,45",1603462,0,"-369995,63"
2024,4,Daniela,Cliente 9,"34155,86",637337,0,"-1537066,78"
2024,4,Eduardo,Cliente 10,"119436,99",1499890,0,"-1093371,6"
2024,4,Eduardo,Cliente 11,"99494,78",1636074,0,"-763450,29"
2024,4,Eduardo,Cliente 12,"46837,85",1412756,0,"-888854,25"
2024,4,Bruno,Cliente 13,"25280,38",675203,0,"-2013350,29"
2024,4,Daniela,Cliente 14,"65728,54",1739911,0,"-596447,23"
2024,4,Daniela,Cliente 15,"132365,18",778167,0,"-1853129,8"
2024,4,Eduardo,Cliente 16,"107650,83",541090,0,"-1727451,96"
2024,4,Eduardo,Cliente 17,"52172,19",829365,0,"-1235789,58"
2024,4,Daniela,Cliente 18,"118221,33",1613396,0,"-549005,33"
2024,4,Carlos,Cliente 19,"76558,28",1287201,0,"-920937,58"
2024,4,Eduardo,Cliente 20,"144911,42",1870455,0,"-467243,14"
2024,5,Bruno,Cliente 1,"38216,25",621958,1,"-1474891,15"
2024,5,Daniela,Cliente 2,"96668,46",1171155,0,"-1031664,56"
2024,5,Daniela,Cliente 3,"115504,69",631932,0,"-1948256,41"
2024,5,Ana,Cliente 4,"123670,71",1914414,0,"-525863,72"
2024,5,Daniela,Cliente 5,"44218,62",759178,0,"-1702253,71"
2024,5,Carlos,Cliente 6,"13386,08",610268,0,"-1688935,49"
2024,5,Daniela,Cliente 7,"81944,77",1232180,0,"-1074822,9"
2024,5,Daniela,Cliente 8,"118103,98",1603462,0,"-488099,61"
2024,5,Carlos,Cliente 9,"87417,93",637337,0,"-1624484,71"
2024,5,Eduardo,Cliente 10,"31641,71",1499890,0,"-1125013,31"
2024,5,Bruno,Cliente 11,"94169,64",1636074,0,"-857619,93"
2024,5,Daniela,Cliente 12,"17258,55",1412756,0,"-906112,8"
2024,5,Daniela,Cliente 13,"110767,06",675203,0,"-2124117,35"
2024,5,Daniela,Cliente 14,"16344,32",1739911,0,"-612791,55"
2024,5,Bruno,Cliente 15,"129699,17",778167,0,"-1982828,97"
2024,5,Carlos,Cliente 16,"28349,83",541090,0,"-1755801,79"
2024,5,Carlos,Cliente 17,"47628,61",829365,0,"-1283418,19"
2024,5,Daniela,Cliente 18,"20438,45",1613396,0,"-569443,78"
2024,5,Bruno,Cliente 19,"14350,94",1287201,0,"-935288,52"
2024,5,Carlos,Cliente 20,"136904,93",1870455,0,"-604148,07"
2024,6,Bruno,Cliente 1,"64642,5",621958,1,"-1539533,65"
2024,6,Carlos,Cliente 2,"75985,35",1171155,0,"-1107649,91"
2024,6,Carlos,Cliente 3,"133409,04",631932,0,"-2081665,45"
2024,6,Daniela,Cliente 4,"61594,52",1914414,0,"-587458,24"
2024,6,Eduardo,Cliente 5,"134141,51",759178,0,"-1836395,22"
2024,6,Bruno,Cliente 6,"120272,23",610268,0,"-1809207,72"
2024,6,Eduardo,Cliente 7,"69287,32",1232180,0,"-1144110,22"
2024,6,Bruno,Cliente 8,"147627,29",1603462,0,"-635726,9"
2024,6,Bruno,Cliente 9,"76089,66",637337,0,"-1700574,37"
2024,6,Eduardo,Cliente 10,"9398,56",1499890,0,"-1134411,87"
2024,6,Bruno,Cliente 11,"141344,97",1636074,0,"-998964,9"
2024,6,Eduardo,Cliente 12,"111328,49",1412756,0,"-1017441,29"
2024,6,Eduardo,Cliente 13,"119466,9",675203,0,"-2243584,25"
2024,6,Bruno,Cliente 14,"152754,54",1739911,0,"-765546,09"
2024,6,Eduardo,Cliente 15,"77079,82",778167,0,"-2059908,79"
2024,6,Ana,Cliente 16,"129189,12",541090,0,"-1884990,91"
2024,6,Daniela,Cliente 17,"10764,55",829365,0,"-1294182,74"
2024,6,Ana,Cliente 18,"35362,32",1613396,0,"-604806,1"
2024,6,Carlos,Cliente 19,"63082,46",1287201,0,"-998370,98"
2024,6,Ana,Cliente 20,56534,1870455,0,"-660682,07"
2024,7,Daniela,Cliente 1,"51427,46",621958,1,"-1590961,11"
2024,7,Carlos,Cliente 2,"70858,09",1171155,0,-1178508
2024,7,Bruno,Cliente 3,"134073,24",631932,0,"-2215738,69"
2024,7,Eduardo,Cliente 4,"122234,93",1914414,0,"-709693,17"
2024,7,Daniela,Cliente 5,"121910,5",759178,0,"-1958305,72"
2024,7,Carlos,Cliente 6,"150705,18",610268,0,"-1959912,9"
2024,7,Eduardo,Cliente 7,"103463,89",1232180,0,"-1247574,11"
2024,7,Bruno,Cliente 8,"114020,59",1603462,0,"-749747,49"
2024,7,Eduardo,Cliente 9,"89003,28",637337,0,"-1789577,65"
2024,7,Eduardo,Cliente 10,"104436,42",1499890,0,"-1238848,29"
2024,7,Bruno,Cliente 11,"47362,47",1636074,0,"-1046327,37"
2024,7,Ana,Cliente 12,"135982,25",1412756,0,"-1153423,54"
2024,7,Carlos,Cliente 13,"32378,77",675203,0,"-2275963,02"
2024,7,Carlos,Cliente 14,"66655,05",1739911,0,"-832201,14"
2024,7,Eduardo,Cliente 15,"138217,23",778167,0,"-2198126,02"
2024,7,Eduardo,Cliente 16,"141050,45",541090,0,"-2026041,36"
2024,7,Eduardo,Cliente 17,"132921,24",829365,0,"-1427103,98"
2024,7,Ana,Cliente 18,"38358,14",1613396,0,"-643164,24"
2024,7,Bruno,Cliente 19,"22483,21",1287201,0,"-1020854,19"
2024,7,Bruno,Cliente 20,"67020,13",1870455,0,"-727702,2"
2024,8,Eduardo,Cliente 1,"52493,56",621958,1,"-1643454,67"
2024,8,Carlos,Cliente 2,"128209,69",1171155,0,"-1306717,69"
2024,8,Bruno,Cliente 3,"77712,58",631932,0,"-2293451,27"
2024,8,Daniela,Cliente 4,"49568,3",1914414,0,"-759261,47"
2024,8,Daniela,Cliente 5,"71388,08",759178,0,"-2029693,8"
2024,8,Daniela,Cliente 6,"141648,69",610268,0,"-2101561,59"
2024,8,Ana,Cliente 7,"149517,13",1232180,0,"-1397091,24"
2024,8,Daniela,Cliente 8,"119372,56",1603462,0,"-869120,05"
2024,8,Eduardo,Cliente 9,"112254,23",637337,0,"-1901831,88"
2024,8,Bruno,Cliente 10,"46692,13",1499890,0,"-1285540,42"
2024,8,Daniela,Cliente 11,"127247,9",1636074,0,"-1173575,27"
2024,8,Daniela,Cliente 12,"69607,92",1412756,0,"-1223031,46"
2024,8,Carlos,Cliente 13,"82570,63",675203,0,"-2358533,65"
2024,8,Bruno,Cliente 14,"71344,36",1739911,0,"-903545,5"
2024,8,Eduardo,Cliente 15,"17017,72",778167,0,"-2215143,74"
2024,8,Carlos,Cliente 16,"59856,55",541090,0,"-2085897,91"
2024,8,Ana,Cliente 17,"150328,59",829365,0,"-1577432,57"
2024,8,Eduardo,Cliente 18,"118217,49",1613396,0,"-761381,73"
2024,8,Ana,Cliente 19,"132451,85",1287201,0,"-1153306,04"
2024,8,Eduardo,Cliente 20,"146566,56",1870455,0,"-874268,76"
2024,9,Daniela,Cliente 1,"138626,8",621958,1,"-1782081,47"
2024,9,Bruno,Cliente 2,"47087,12",1171155,0,"-1353804,81"
2024,9,Bruno,Cliente 3,"60410,31",631932,0,"-2353861,58"
2024,9,Eduardo,Cliente 4,"56293,94",1914414,0,"-815555,41"
2024,9,Bruno,Cliente 5,"24975,89",759178,0,"-2054669,69"
2024,9,Eduardo,Cliente 6,"128771,12",610268,0,"-2230332,71"
2024,9,Bruno,Cliente 7,144768,1232180,0,"-1541859,24"
2024,9,Bruno,Cliente 8,"39341,41",1603462,0,"-908461,46"
2024,9,Eduardo,Cliente 9,"120970,95",637337,0,"-2022802,83"
2024,9,Ana,Cliente 10,"53113,27",1499890,0,"-1338653,69"
2024,9,Bruno,Cliente 11,"41211,3",1636074,0,"-1214786,57"
2024,9,Ana,Cliente 12,"127961,96",1412756,0,"-1350993,42"
2024,9,Carlos,Cliente 13,"48702,38",675203,0,"-2407236,03"
2024,9,Daniela,Cliente 14,"11681,85",1739911,0,"-915227,35"
2024,9,Eduardo,Cliente 15,"75592,65",778167,0,"-2290736,39"
2024,9,Carlos,Cliente 16,"66267,73",541090,0,"-2152165,64"
2024,9,Carlos,Cliente 17,"62153,65",829365,0,"-1639586,22"
2024,9,Daniela,Cliente 18,"126771,61",1613396,0,"-888153,34"
2024,9,Eduardo,Cliente 19,"54234,6",1287201,0,"-1207540,64"
2024,9,Daniela,Cliente 20,"118216,73",1870455,0,"-992485,49"
2024,10,Eduardo,Cliente 1,"149375,24",621958,1,"-1931456,71"
2024,10,Bruno,Cliente 2,"38904,23",1171155,0,"-1392709,04"
2024,10,Carlos,Cliente 3,"16833,65",631932,0,"-2370695,23"
2024,10,Ana,Cliente 4,"21003,71",1914414,0,"-836559,12"
2024,10,Bruno,Cliente 5,"96439,13",759178,0,"-2151108,82"
2024,10,Eduardo,Cliente 6,"139225,04",610268,0,"-2369557,75"
2024,10,Eduardo,Cliente 7,"113287,35",1232180,0,"-1655146,59"
2024,10,Bruno,Cliente 8,"120688,7",1603462,0,"-1029150,16"
2024,10,Carlos,Cliente 9,"13334,69",637337,0,"-2036137,52"
2024,10,Carlos,Cliente 10,"133971,24",1499890,0,"-1472624,93"
2024,10,Bruno,Cliente 11,"78442,75",1636074,0,"-1293229,32"
2024,10,Carlos,Cliente 12,"50042,29",1412756,0,"-1401035,71"
2024,10,Eduardo,Cliente 13,"139319,38",675203,0,"-2546555,41"
2024,10,Carlos,Cliente 14,"76192,43",1739911,0,"-991419,78"
2024,10,Daniela,Cliente 15,"41554,91",778167,0,"-2332291,3"
2024,10,Daniela,Cliente 16,"117392,22",541090,0,"-2269557,86"
2024,10,Bruno,Cliente 17,"105161,98",829365,0,"-1744748,2"
2024,10,Carlos,Cliente 18,"127504,84",1613396,0,"-1015658,18"
2024,10,Bruno,Cliente 19,"124308,84",1287201,0,"-1331849,48"
2024,10,Daniela,Cliente 20,"40469,63",1870455,0,"-1032955,12"
2024,11,Ana,Cliente 1,"44542,29",621958,1,-1975999
2024,11,Ana,Cliente 2,"136587,4",1171155,0,"-1529296,44"
2024,11,Ana,Cliente 3,"64250,57",631932,0,"-2434945,8"
2024,11,Daniela,Cliente 4,"130787,51",1914414,0,"-967346,63"
2024,11,Ana,Cliente 5,"50156,57",759178,0,"-2201265,39"
2024,11,Bruno,Cliente 6,"9171,53",610268,0,"-2378729,28"
2024,11,Bruno,Cliente 7,"53037,34",1232180,0,"-1708183,93"
2024,11,Daniela,Cliente 8,"134822,58",1603462,0,"-1163972,74"
2024,11,Bruno,Cliente 9,"88327,57",637337,0,"-2124465,09"
2024,11,Daniela,Cliente 10,"39142,76",1499890,0,"-1511767,69"
2024,11,Daniela,Cliente 11,"87095,8",1636074,0,"-1380325,12"
2024,11,Bruno,Cliente 12,"93432,58",1412756,0,"-1494468,29"
2024,11,Eduardo,Cliente 13,"104074,41",675203,0,"-2650629,82"
2024,11,Daniela,Cliente 14,"59558,96",1739911,0,"-1050978,74"
2024,11,Ana,Cliente 15,"152837,38",778167,0,"-2485128,68"
2024,11,Eduardo,Cliente 16,"107216,72",541090,0,"-2376774,58"
2024,11,Bruno,Cliente 17,"117608,51",829365,0,"-1862356,71"
2024,11,Eduardo,Cliente 18,"118573,37",1613396,0,"-1134231,55"
2024,11,Eduardo,Cliente 19,"152805,93",1287201,0,"-1484655,41"
2024,11,Ana,Cliente 20,"137208,65",1870455,0,"-1170163,77"
2024,12,Daniela,Cliente 1,"92189,31",621958,1,"-2068188,31"
2024,12,Carlos,Cliente 2,"135787,44",1171155,0,"-1665083,88"
2024,12,Eduardo,Cliente 3,"98244,6",631932,0,"-2533190,4"
2024,12,Daniela,Cliente 4,"123879,33",1914414,0,"-1091225,96"
2024,12,Ana,Cliente 5,"135766,73",759178,0,"-2337032,12"
2024,12,Eduardo,Cliente 6,"53877,19",610268,0,"-2432606,47"
2024,12,Carlos,Cliente 7,"131788,41",1232180,0,"-1839972,34"
2024,12,Carlos,Cliente 8,"61226,38",1603462,0,"-1225199,12"
2024,12,Daniela,Cliente 9,"43709,35",637337,0,"-2168174,44"
2024,12,Bruno,Cliente 10,"150779,57",1499890,0,"-1662547,26"
2024,12,Ana,Cliente 11,"90786,5",1636074,0,"-1471111,62"
2024,12,Carlos,Cliente 12,"49082,03",1412756,0,"-1543550,32"
2024,12,Daniela,Cliente 13,"152554,36",675203,0,"-2803184,18"
2024,12,Daniela,Cliente 14,"78234,13",1739911,0,"-1129212,87"
2024,12,Daniela,Cliente 15,"128518,02",778167,0,"-2613646,7"
2024,12,Carlos,Cliente 16,"64217,59",541090,0,"-2440992,17"
2024,12,Daniela,Cliente 17,"45784,79",829365,0,"-1908141,5"
2024,12,Daniela,Cliente 18,"32000,65",1613396,0,"-1166232,2"
2024,12,Eduardo,Cliente 19,"107199,08",1287201,0,"-1591854,49"
2024,12,Eduardo,Cliente 20,"73297,85",1870455,0,"-1243461,62"